GTIN,Description
5000231009044,Matey Bubble Bath Adventurers Max Matey 500ml
5010003059511,Hovis Bread Soft White Thick 400g
5019326468161,Rank Hovis Granary Premium Flour with Malted Wheat 16kg
5019326101167,Rank Hovis As You Like It Originals Flour 16kg
5000231009075,Matey Bubble Bath Adventurers Molly Matey 500ml
5010896006173,Ormo Thick Sliced White Bread 800g
5000231009105,Matey Peg Leg Bubble Bath 500ml
5000231036781,Radox Bath Therapy Muscle Soak Herbal Bath Salts 400g
5000231036767,Radox Bath Therapy Vapour Therapy Herbal Bath Salts 400g
787211000257,Badedas Original Indulgent Bath Gelee 300ml
787211000363,Badedas Original Bath Gelle 750ml
787211000295,"Badedas Revitalising Shower Gel, Shampoo & Conditioner 200ml"
8711700734714,Radox Muscle Therapy Bath Soak 500ml
5010003000117,Mothers Pride Scottish Plain Thick Cut 800g
8712100506260,Flora Great for Baking Block 250g
5055540013831,Schweppes Promo Jug 1.5 Liter
6001048000988,Grapetiser White Grape Juice Drink Gently Sparkling 750ml
5449000203335,Fanta Special Edition Raspberry & Passionfruit 6 x 330ml
5449000203342,Fanta Special Edition Raspberry & Passionfruit 8 x 330ml
5010003066922,Hovis 9 Soft White Muffins
5449000024497,Grapetiser White Grape Juice Drink Gently Sparkling 750ml
8712100633393,Flora Buttery Spread 500g
8712100633430,Flora Light 500g
6001048000902,Appletiser 100% Apple Juice Gently Sparkling 750ml
5449000004840,Fanta Orange 2 Litre
5449000011527,Fanta Orange 330ml
42104742,Oasis Mighty Drops Mango Tropical 56ml
42099796,Oasis Mighty Drops Mixed Berry 56ml
42104841,Oasis Mighty Drops Raspberry Lemonade 56ml
8712566052875,Elmlea Alternative to Single Cream 284ml
8712566052936,Elmlea Alternative to Double Cream 568ml
8712566345816,I Can't Believe It's Not Butter 400g
8712566345830,I Can't Believe It's Not Butter Light 400g
8711200555772,I Can't Believe It's Not Butter Light 500g
8711200555819,I Can't Believe It's Not Butter 500g
8712566052776,Elmlea Alternative to Whipping Cream 284ml
8712566052790,Elmlea Alternative to Double Cream 284ml
5010652998544,Millac Real Dairy Whipping Cream 1 Litre
5099869042219,Viva Banana Flavour Semi-Skimmed Milk UHT 200ml
5099869042202,Viva Chocolate Flavour Semi-Skimmed Milk UHT 200ml
5099869042226,Viva Strawberry Flavour Semi-Skimmed Milk UHT 200ml
5010652989924,Comelle Ice Cream Mix UHT 1 Litre
5010652996205,Pritchitts Millac Value Skimmed Milk with Non-Milk Fat 2kg
5010652998629,Pritchitts Millac Real Dairy Single Cream 1 Litre
5099869343651,Springcool Dairy Whipping Cream UHT 1 Litre
90490125,Oasis Citrus Punch 375ml
5449000024558,Lilt Zero Pineapple & Grapefruit 2 Litre
5449000151728,Glaceau Vitaminwater Multi-V 500ml
5449000196798,Glaceau Vitaminwater Sunshine 500ml
54492127,Sprite 150ml
54492578,Fanta Orange 150ml
5449000151087,Fanta Orange Zero 8 x 330ml
5449000060495,Fanta Fruit Twist 8 x 330ml
5449000122650,Oasis Blackcurrant Apple 500ml
5449000151094,Sprite Zero 8 x 330ml
42099505,Schweppes Soda Water 200ml
5449000006004,Fanta Icy Lemon 330ml
5449000010711,Lilt Pineapple & Grapefruit 330ml
5449000042101,Fanta Fruit Twist 330ml
5060335631220,Monster Absolutely Zero 4 x 500ml
5060166690021,Monster Absolutely Zero 500ml
5060166690625,Monster Energy Export 250ml
4000177165140,Capri-Sun Fruit Crush Apple & Pear Juice Drink 200ml
4000177165164,Capri-Sun Fruit Crush Apple and Blackcurrant Juice Drink 200ml
4000177165157,Capri-Sun Fruit Crush Tropical Juice Drink 200ml
5017726186579,Capri-Sun Juice Drink Summer Berries 200ml
5449000073587,Capri-Sun Juice Drink Orange 330ml
5449000120984,Fanta Orange Zero 2 Litre
5449000151698,Glaceau Vitaminwater Power-C 500ml
5449000156709,Glaceau Vitaminwater XXX 500ml
5449000001351,Lilt Pineapple & Grapefruit 2 Litre
5449000198464,Oasis Mango Medley 500ml
5060166691516,Monster Khaos Energy Juice 500ml
5449000956552,Relentless Tropical Juiced 500ml
5449000145024,Relentless Orange Crush 500ml
8711200600977,I Can't Believe It's Not Butter Light 1kg
5000241007139,I Can't Believe It's Not Butter 1kg
5449000187956,Relentless Apple & Kiwi 500ml
5449000195784,Relentless Lemon Ice 500ml
5023765002039,Schweppes Abbey Well Carbonated Natural Mineral Water 330ml
5023765010591,Schweppes Abbey Well Carbonated Natural Mineral Water 75cl
5023765013158,Schweppes Abbey Well Carbonated Natural Mineral Water 500ml
5023765002046,Schweppes Abbey Well Still Natural Mineral Water 330ml
5449000140340,Oasis Citrus Punch 6 x 375ml
90382918,Powerade Zero Red Fruits Flavour 500ml
5000112562248,Sprite 3 Litre
5449000175076,Powerade Zero Berry and Tropical 4 x 500ml
5449000201850,Schweppes Ginger Beer 4 x 250ml
5449000024534,Lilt Zero Pineapple & Grapefruit 330ml
5449000140333,Oasis Summer Fruits 6 x 375ml
5449000204905,Schweppes Elderflower Tonic Water 4 x 250ml
5449000151759,Glaceau Vitaminwater Essential 500ml
5449000151735,Glaceau Vitaminwater Defence 500ml
5449000151711,Glaceau Vitaminwater Revive 500ml
5449000097088,Fanta Mango and Passionfruit 2L
5449000142184,Schweppes Original Lemonade 4 x 2 Litre
8712100583391,Bertolli with Butter Spread 225g
8712100583438,Flora Gold Spread 225g
5000241007320,I Can't Believe It's Not Butter 250g
8722700198130,I Can't Believe It's Not Butter Light 500g
5099869343842,Lakeland Dairies Whole Milk UHT 120 x 12ml Portions
5010652994607,Millac Maid Long Life Portions 120 x 12ml
5010652994782,Café Maid Luxury Coffee Creamer Long Life Portions 120 x 12ml
5010652994867,Half Fat Millac Maid Long Life Portions 120 x 12ml
5099869343866,Lakeland Dairies Semi-Skimmed Milk UHT 120 x 12ml Portions
5099869343385,Springcool Dairy Ice Cream Mix UHT 1 Litre
5099869042080,Lakeland Dairies Pure Irish Butter Unsalted 250g
5099869041571,Lakeland Dairies Cream UHT 120 x 12ml Portions
5099869041694,Lakeland Dairies Pure Irish Butter Salted 250g
5010652653412,Roselle Supreme Instant Whipped Topping 500g
5010652998896,Roselle Topping 1kg
5010652990227,Millac Dairy Cream UHT Instant Whipped Dairy Cream 500g
5010652995086,Roselle Dessert Whip Powder Strawberry 1kg
5010652995093,Roselle Dessert Whip Powder Chocolate 1kg
5010652994287,Millac Cappuccino Milk 1 Litre
5010652990050,Comelle Thick Shake Long Life Mix UHT 1 Litre
5010652988798,Millac Classic Skimmed Milk Powder with Non-Milk Fat 2kg
5010652601376,Millac Classic Skimmed Milk Powder with Non-Milk Fat 12.5kg
5010652985469,Viva Skimmed Milk 1 Litre
5010652658202,Millac Maid 240 x 12ml Long Life Portions
5099869343453,Springcool Concentrated Milk Shake Mix 1 Litre
5010652985506,Viva Whole Milk 1 Litre
8712566052837,Elmlea Single Light 284ml
5000241007009,I Can't Believe It's Not Butter 500g
5099869343507,Lakeland Dairies Pure Irish Butter 100 x 6.2g
5010652998476,Millac Double Gold UHT 1 Litre
5010652992672,Half Fat Millac Skimmed Milk Powder with Non-Milk Fat 2kg
5060335630162,Monster Energy 500ml
5060335631732,Monster Energy Absolutely Zero 500ml
42099093,5 Alive Tropical Five Fruit Blend Juice Drink 250ml
6001048003231,Appletiser 100% Apple Juice Gently Sparkling Fridge Pack 6 x 330ml
6001048003323,Appletiser 275ml
6001048003194,Appletiser 330ml
5000112562255,Fanta Fruit Twist 3 Litre
5449000009128,Fanta Fruit Twist 6 x 330ml
5449000023667,Oasis Pineapple Rush 500ml
90490118,Oasis Summer Fruits 375ml
5449000038524,Fanta Orange 15 x 330ml
5000112541526,Fanta Orange 3 Litre
50112159,Fanta Orange 330ml
5449000194862,Fanta Peach and Apricot 2 Litre
5017726150419,Fanta Peach and Apricot 500ml
5449000194855,Fanta Peach and Apricot 500ml
5449000195548,Fanta Peach and Apricot 6 x 330ml
5017726192518,Fanta Bag in Box 7L
5449000006011,Fanta Icy Lemon 2 Litre
5449000018298,Fanta Icy Lemon 6 x 330ml
5449000121004,Fanta Icy Lemon Zero 6 x 330ml Pack
5449000186492,Fanta Mango and Passionfruit 330ml
5449000087553,Fanta Mango and Passionfruit 500ml
5017726170202,Fanta Orange Zero 24 x 330ml
5017726180416,Fanta Orange 24 x 330ml
5449000120977,Fanta Orange Zero 6 x 330ml
5449000171719,Fanta Orange/Sprite/Dr Pepper Mixed Case 30 x 330ml
5449000121011,Fanta Zero Icy Lemon 2 Litre
5449000024503,Grapetiser Red Grape Juice Drink Gently Sparkling 275ml
6001048003385,Grapetiser Red Grape Juice Drink Gently Sparkling 275ml
6001048003866,Grapetiser Red Grape Juice Drink Gently Sparkling 330ml
5449000121127,Lilt Zero Pineapple & Grapefruit 500ml
5449000024541,Lilt Zero Pineapple & Grapefruit 6 x 330ml
5060166699734,Monster Rehab Green Tea Energy 500ml
5449000142528,Oasis Peach Passionfruit Light 500ml
5449000147462,Oasis Summer Fruits Extra Light 1.5 Litre
90382901,Powerade Zero Berry and Tropical 500ml
5449000159311,Relentless Berry Juiced 500ml
5023765010607,Schweppes Abbey Well Still Natural Mineral Water 750ml
5017726157876,Schweppes Canada Dry 24 x 125ml
5000193602567,Schweppes Diet Canada Dry Ginger Ale 1 Litre Bottle
5000193240226,Schweppes Indian Tonic Water 3x1 Litre Bottle Multipack
5000112552928,Schweppes Lemonade 3 Litre
5017726192563,Schweppes Lemonade Bag in Box 7L
5000193802684,Schweppes Soda Water 1.5L
5000193806279,Schweppes Soda Water 500ml
5449000038531,Sprite 15 x 330ml
5449000004864,Sprite 2 Litre
90495021,Sprite 330ml
5449000011749,Sprite 6 x 330ml
5449000029430,Sprite 8 x 330ml
5017726192525,Sprite Postmix Syrup 7 Litres
5449000116093,Sprite Zero 6 x 330ml Cans
5449000098153,Vanilla Coca-Cola 1.5 Litre
5000241006118,Emlea Whipped Squirty 250g
8712561787475,Surf Laundry Capsules Limited Edition 18 Wash 579g
8712561790307,Surf Laundry Liquid Limited Edition 25 Wash 875ml
5060166696795,Monster Energy Absolutely Zero 500ml
5449000125002,Oasis Summer Fruits 1.5L
5449000125026,Oasis Citrus Punch 1.5L
8712561737289,Radox Moisturising & Hygienic Handwash 250ml
8712561737357,Radox Refreshing & Hygienic Handwash 250ml
8712561737425,Radox Nourishing & Hygienic Handwash 250ml
8712561737210,Radox Replenishing & Hygienic Handwash 250ml
5060166696542,Monster Rehab Tea + Still Lemonade + Energy 500ml
5449000086822,Fanta Orange 1.25L
5449000099334,Relentless Mango Ultra 500ml
5449000102393,Fanta Orange Zero 1.25L
5449000125019,Oasis Citrus Punch 500ml
5449000124999,Oasis Summer Fruits 500ml
8712100633270,Elmlea Single Cream 284ml
8712100633171,Elmlea Double Cream 284ml
5449000097262,Fanta Apple & Sour Cherry 6 x 330ml
5449000097279,Fanta Apple & Sour Cherry 8 x 330ml
5000112608243,Relentless Mango Ultra 500ml
5099869343712,Springcool Dairy Ice Cream Mix Vanilla Flavour UHT 5 Litres
840090051502,Nails Inc St James Gel Polish
6001048004870,Appletiser Apple and Blackcurrant
5010003004016,Mothers Pride Scottish Plain Medium Cut 800g
5000241006996,Stork Original Spread 250g
5449000098856,Schweppes Sparkling Juice Drink Orange & Cranberry 750ml
5449000098849,Schweppes Sparkling Juice Drink Grapefruit & Blood Orange 750ml
5449000096630,Schweppes Sparking Juice Drink Lemon & Elderflower 750ml
5010896006043,Ormo Medium Sliced White Bread 800g
50241293,Stork Baking Block 250g
5010003001114,Mothers Pride Medium Sliced White Bread 800g
5010003062368,Hovis British Farmers Wholemeal Loaf 800g
8712100744846,Stork with Butter Spread 400g
5449000036278,Glacéau Smartwater 850ml
5449000034335,Glacéau Smartwater 600ml
5010003000056,Mothers Pride Brown Medium Sliced Bread 800g
5017726132774,Sprite 24 x 330ml
5449000055521,Diet Coke Caffeine Free 330ml
54492134,Diet Coke Caffeine Free 500ml
5449000138958,Diet Coke Citrus Zest 500ml
5449000926265,Coca-Cola Life 1.5L
5449000127242,Diet Coke Cherry 330ml
5449000127273,Diet Coke Cherry 500ml
40822068,Diet Coke 330ml
5017726133894,Diet Coke 330ml
5000112588392,Diet Coke 500ml
5449000001634,Coca-Cola Zero Cherry 1.75L
5449000197115,Diet Coke with Cherry 1.75L
5449000601988,Diet Coke 1.75 Litre
5449000000996,Coca Cola 330ml
5449000154774,Diet Coke Caffeine Free 8 x 330ml
5449000154743,Diet Coke Cherry 8 x 330ml
5449000051561,Diet Coke 6 x 330ml Cans
5449000051547,Coca-Cola 6 x 330ml Cans
5449000004451,Diet Coke 8 x 330ml
5000112537871,Coca-Cola 8 x 330ml
50112609,Schweppes Lemon & Elderflower Sparkling Juice Drink 275ml
50112616,Schweppes Grapefruit & Blood Orange Sparkling Juice Drink 275ml
5449000171481,Diet Coke 4 x 330ml
5449000117090,Diet Coke 10 x 330ml Can Fridge Pack
5449000052957,Diet Coke 12 x 330ml Cans
5449000117106,Diet Coke Caffeine Free Fridge Pack 10 x 330ml Cans
5449000057334,Diet Coke Caffeine Free 12 x 330ml Cans
5449000154897,Diet Coke Citrus Zest 8 x 330ml
8712100742538,Flora Original Spread 2 x 1kg
5000112572926,Coca Cola 30 x 330ml
5000112572933,Diet Coke 30 x 330ml
5449000197108,Diet Coke with Citrus Zest 1.75 Litre
8711200563388,Flora Light Spread 250g
8711200563418,Flora Original Spread 250g
8712566410040,Flora Original Spread 500g
54491496,Diet Coke 500ml
54491472,Coca-Cola 500ml
5449000053879,Diet Coke 330ml
5060335635082,Monster Assault 4 x 500ml
5060335635112,Monster The Doctor 4 x 500ml
5449000057877,Diet Coke Caffeine Free 6 x 330ml
5449000099105,Vanilla Coca-Cola 6 x 330ml
5000112516555,Coca-Cola 3 Litre
5010896091902,Ormo Granary Toasting Wheaten 400g
5010896091919,Ormo Wholemeal Toasting Wheaten 400g
5010896091865,Ormo Pop 'Em 3 Toasting Sodas
5010896091872,Ormo 4 Mid-Size Sodas
5010896091896,Ormo 6 Halfers Pancakes
8712100576171,Gold from Flora Slightly Salted Spread 400g
5449000034304,Glaceau Vitamin Water Multi-V Zero 500ml
5055540020051,Coca-Cola 24 x 200ml
5449000009197,Diet Coke 3 Litres
5000112516586,Diet Coke 3 Litre
5449000052926,Fanta Orange 1.5 Litre
5010003001138,Mothers Pride Thick Sliced White Bread 800g
5449000009173,Coca-Cola 3L
5449000086877,Coca-Cola 24 x 330ml
5449000123855,Diet Coke 24 x 330ml Can Pack
54492493,Fanta Icy Lemon 500ml
5449000096944,Fanta Apple & Sour Cherry 500ml
5449000059222,Coca-Cola Mini Can 12 x 150ml Pack
54491076,Diet Coke 150ml
54491014,Coca-Cola 150ml
5060335635044,Monster Energy 8 x 500ml
5449000133496,Diet Coke 6 x 1.25 Litre Sharesize Bottles
5449000015594,Fanta Fruit Twist 1.5 Litre
5449000195524,Coca-Cola Zero Cherry 8 x 330ml
5449000105394,Coca-Cola 6 x 1.25L Sharesize Bottles
5449000015365,Diet Coke 375ml
5017726103569,Diet Coke 12 x 150ml
5017726166885,Appletiser 100% Apple Juice Gently Sparkling 12 x 275ml
5449000137517,Coca-Cola Zero 4 x 500ml
5449000018878,Diet Coke 4 x 500ml
5449000018861,Coca-Cola 4 x 500ml
5449000039637,Diet Coke 6 x 330ml Glass Bottles
54491397,Fanta Orange Zero 500ml
54493957,Fanta Fruit Twist 500ml
54492714,Lilt 500ml
40822938,Fanta Orange 500ml
4000177158425,Capri-Sun Safari Fruits 10 x 200ml
4000177158463,Capri-Sun Safari Fruits 5 x 200ml
4000177172322,Capri-Sun Juice Drink Tropical 6 x 330ml Pouches
4000177179574,Capri-Sun Banana-Apple Ltd Edition 200ml
5449000007452,Capri-Sun Juice Drink Mango 10 x 200ml
5449000079275,Capri-Sun Juice Drink Blackcurrant 5 x 200ml
5449000074935,Capri-Sun Juice Drink Orange 5 x 200ml
5449000089458,Capri-Sun Juice Drink Summer Berries 10 x 200ml
5449000207920,Glaceau Vitamin Water Sunshine Zero Citrus-Guava 500ml
5449000053978,Diet Coke Caffeine Free 15 x 330ml
5449000018892,Coca-Cola 18 x 330ml
5449000018915,Diet Coke 18 x 330ml
5449000146069,Diet Coke 4 x 1.5L
5449000102379,Dr Pepper 1.5 Litre
5449000006509,Dr Pepper 4 x 330ml
5000112592245,Dr Pepper/Fanta Orange/Sprite Mixed Case 30 x 330ml
5449000171696,Dr Pepper 15 x 330ml
5000193035549,Dr Pepper 3 Litre
5000193947279,Dr Pepper 6 x 330ml
5449000121042,Dr Pepper Zero 2 Litre
5055540015637,Appletiser Gift Box
5449000011718,Sprite 4 x 330ml
5449000051578,Fanta Orange 4 x 330ml
5449000097071,Fanta Apple and Sour Cherry 330ml
5017726192594,Coca-Cola High Ratio Red Box 12L
5017726192600,Diet Coke Bag in Box 12L
5017726192549,Coca-Cola Zero Bag in Box 7L
5017726192501,Diet Coke Bag in Box 7L
5449000155986,Coca-Cola 9 x 330ml
5449000207258,Diet Coke 9 x 330ml
5449000207265,Coca-Cola Cherry 9 x 330ml
8712561766036,Radox Feel Blissful & Relaxed Gift Set
5449000203236,Fanta Raspberry & Passionfruit 500ml
8712566384204,Flora ProActiv Buttery Spread 250g
5000118042553,Flora ProActiv Light Spread 250g
5000118078439,Flora ProActiv Olive Spread 250g
8718114827230,Flora ProActiv Buttery Spread 500g
5000118050251,Flora ProActiv Light Spread 500g
5000118084089,Flora ProActiv Olive Spread 500g
5055540021942,Appletiser Gift Box
8712100372094,Flora ProActiv Mango & Cherry Yoghurt Mini Drink 6 x 100ml
8712100372131,Flora ProActiv Original Yoghurt Mini Drink 6 x 100ml
8712100372179,Flora ProActiv Pomegranate & Raspberry Yoghurt Mini Drink 6 x 100ml
8712100372254,Flora ProActiv Strawberry Yoghurt Mini Drink 6 x 100ml
54490949,Diet Coke 330ml Glass
5024686247981,Gilbert and Coca Cola Rugby Ball Size 4
8712100777288,Elmlea Fraiche Crème Fraiche Alternative 200g
5449000201867,Schweppes Slimline Bitter Lemon 4 x 250ml
8710447808351,Stork Original Spread 2 x 500g + Free Baking Tin
54490703,Coca-Cola 330ml Glass
8710908318214,Surf Sensations Winter Violet and Mistletoe 875ml
5017726157708,Diet Coke Glass 200ml
5000231049927,Radox Feel Awake for Men 2 in 1 Shower & Shampoo 250ml
5000231049910,Radox Feel Awake for Men 2 in 1 Shower & Shampoo 500ml
8711700648219,Radox Feel Awake for Men 2 in 1 Shower & Shampoo 1 Litre
8711700943536,Radox Feel Uplifted Shower Gel 250ml
5000231049941,Radox Feel Refreshed with Eucalyptus & Citrus Oil Shower Gel 250ml
5000231049835,Radox Feel Refreshed Shower Gel 500ml
8711700648295,Radox Feel Refreshed Shower Gel 1 Litre
5000231049873,Radox Feel Active Shower Gel 250ml
8711700942874,Radox Feel Revived Shower Gel 250ml
8712561843904,Radox Feel Enchanted Shower Gel 250ml
8711700943451,Radox Feel Energised Shower Gel 250ml
8712561370936,Radox Feel Invigorated Shower Gel 250ml
5000231080401,Radox Feel Relaxed with Lavender & Waterlilly Shower Gel 250ml
8711700773751,Radox Feel Gorgeous with Coconut Kiss Shower Cream 250ml
8711700774017,Radox Feel Glam with Berry Burst Shower Cream 250ml
8712561370868,Radox Feel Fabulous with Mango Mayhem Shower Gel 250ml
8712561225984,Radox Feel Bubbly with Passion Fruit Splash Shower Gel 250ml
8711700773935,Radox Feel Fantastic with Cherry Blast Shower Gel 250ml
8712561841337,Radox Feel Calm Moisturising Shower Cream 500ml
8712561840989,Radox Feel Calm Moisturising Shower Cream 1L
8712561823883,Radox Feel Romantic Caring Shower Cream 250ml
8712561823937,Radox Feel Rejuvenated Hydrating Shower Cream 250ml
5000231082245,Radox Men Feel Sporty with Watermint & Sea Minerals 2in1 Shower & Shampoo 250ml
5000231082221,Radox Men Feel Strong with Mint & Tea Tree 2in1 Shower & Shampoo 250ml
5000231082207,Radox Men Feel Heroic Lemon & Tea Tree 2in1 Shower Gel 250ml
8711600785854,Radox Men Feel Stimulated with Orange and Tea Tree 2in1 Shower & Shampoo 250ml
8712561348317,Radox Men Feel Wild Blackberry & Ginger 2in1 Shower Gel 250ml
8712561824415,Radox Men Feel Powerful 2in1 Shower & Shampoo 250ml
5000231050831,Radox Muscle Soak Bath Soak with Sage & Sea Minerals 500ml
5000231050879,Radox Muscle Soak Bath Soak with Sage & Sea Minerals 1L
5000231050855,Radox Stress Relief Bath Soak with Rosemary & Eucalyptus 500ml
5000231050893,Radox Stress Relief Bath Soak with Rosemary & Eucalyptus 1L
5000231080371,Radox Feel Relaxed Bath Soak with Lavender & Waterlily 500ml
5000231050817,Radox Sleep Easy Bath Soak with Chamomile & Jasmine 500ml
5000231070112,Radox Muscle Therapy Bath Soak with Muscle Therapy 500ml
8712561881395,Radox Feel Recharged Bath Soak with Wild Blackberry & Ginger 500ml
8712561881326,Radox Feel Heavenly Bath Soak with Coconut & Milk 500ml
8710908154713,Radox Feel Blissful Bath Soak with Calendula & Rose 500ml
8712561883917,Radox Feel Pampered Bath Soak with Shea Butter & Ginger 500ml
8712561881562,Radox Feel Enchanted Bath Soak with Oriental Lotus & Orange Blossom 500ml
8712561737005,Radox Moisturising & Antibacterial Handwash 250ml
8712561736862,Radox Replenishing & Antibacterial Handwash 250ml
8712561737142,Radox Nourishing & Antibacterial Handwash 250ml
8712561737074,Radox Refreshing & Antibacterial Handwash 250ml
8712561727433,Radox Feel Uplifted Handwash 250ml
8712561727457,Radox Feel Enchanted Handwash 250ml
8712561726993,Radox Feel Revived Handwash 250ml
8712561727365,Radox Feel Energised Handwash 250ml
5449000601810,Coca-Cola Zero Cherry 1.75L
5449000196620,Coca-Cola Vanilla 8 x 330ml
5449000189219,Relentless Origin 250ml
5449000073440,Capri-Sun Tropical Fruit Juice Drink with Spring Water 330ml
4000177165034,Capri-Sun Fruit Crush Apple & Pear 5 x 200ml
4000177165058,Capri-Sun Fruit Crush Apple & Blackcurrant 5 x 200ml
5449000013057,Coca-Cola 15 x 330ml
5060335632777,Monster Energy The Doctor 500ml
5449000060501,Dr Pepper 8 x 330ml
5449000205384,Oasis Summer Fruits 6 x 250ml
5000193140946,Rose's Lime Juice Cordial The Original 1L
5449000039118,Capri-Sun No Added Sugar Orange 10 x 200ml
5017726103880,Oasis Summer Fruits Postmix Syrup 7L
5449000038944,Capri-Sun Tropical No Added Sugar 10 x 200ml
5449000042392,Coca-Cola Cherry 6 x 330ml
42099697,Coca-Cola Vanilla 500ml
5449000015174,Coca-Cola Fridge Pack 10 x 330ml
5449000015150,Coca-Cola 375ml
5449000039170,Capri-Sun No Added Sugar Blackcurrant 5 x 200ml
5449000009289,Coca-Cola 12 x 330ml
5449000008046,Coca-Cola 250ml
5000112603590,Diet Coke 250ml
5010102100015,Dr Pepper 330ml
5449000121028,Dr Pepper Zero 330ml
5449000009500,Coca-Cola Cherry 330ml
5449000098917,Coca-Cola Vanilla 330ml
5449000025494,Coca-Cola 6 x 330ml Glass Bottles
5449000000439,Coca-Cola 1.5L
5449000053961,Diet Coke 15 x 330ml
5015672006903,Dr Pepper 2L
5449000121134,Dr Pepper Zero 500ml
5000193034559,Dr Pepper 500ml
5449000128836,Coca-Cola 8 x 250ml
5449000128812,Diet Coke 8 x 250ml
5449000109255,Coca-Cola Cherry 1.25L
54492790,Coca-Cola Cherry 500ml
5000193114732,Capri-Sun Juice Drink Tropical 10 x 200ml
5017726157685,Coca-Cola 24 x 200ml Glass
5017726192488,Coca-Cola Postmix Syrup 7L
5060335633453,Monster Energy The Doctor 12 x 500ml
8710908071065,Surf 42 Wash Tropical Capsules
5449000037039,Capri-Sun No Added Sugar Orange 5 x 200ml
5449000121035,Dr Pepper Zero 6 x 330ml
5060166690007,Monster Energy 500ml
5449000096968,Fanta Apple & Sour Cherry 2L
5060335634153,Monster Energy 553ml
5449000053893,Diet Coke 1.5 Litre
5449000203243,Fanta Special Edition Raspberry & Passionfruit 2 Litre
5449000205391,Oasis Citrus Punch 6 x 250ml
8710908092473,Surf 25 Wash Golden Blossom Liquid
8710908092558,Surf 25 Wash Moonflower Liquid
8710908095856,Surf 18 Wash Golden Blossom Capsules
8710908095986,Surf 33 Wash Golden Blossom Capsules
8710908104978,Surf 18 Wash Moonflower Capsules
8710908101663,Surf 23 Wash Golden Blossom Powder
5449000055873,Capri-Sun Juice Drink Blackcurrant 10 x 200ml
5449000036841,Capri-Sun No Added Sugar Blackcurrant 10 x 200ml
5449000009272,Coca-Cola 4 x 330ml
5010896091940,Ormo Bake Me Happy Luxury Fruit Loaf 400g
5010896020421,Ormo 8 Pancakes
5010896021466,Ormo 4 White Floury Baps
5010896091582,Ormo 4 Finger Rolls
5449000206657,Schweppes Indian Tonic Water 4 x 200ml
5449000206664,Schweppes Slimline Indian Tonic Water 4 x 200ml
5010652998377,Millac Roselle Supreme Cream Alternative 1 Litre
5010003068056,Hovis Good Inside Best of Both Medium 750g
5010003068049,Hovis Good Inside Soft White Medium 800g
5010003068063,Hovis Good Inside Wholemeal Medium 800g
5010003068094,Hovis Good Inside Wholemeal Thick 800g
5010003068551,Hovis Good Inside 6 Sliced Sandwich Thins Soft White
5010003068612,Hovis Good Inside 6 Sandwich Thins Wholemeal
5010003068582,Hovis Good Inside 6 Sandwich Thins Best of Both
5449000601971,Coca-Cola 1.75 Litre
5010003063280,Ormo 6 Pancakes
5010003063297,Ormo 6 Potato Farls
5010896015014,Ormo 4 Potato Farls
5010896015045,Ormo 2 Sodas
5010896022746,Ormo Rich Fruit Loaf
5010896022951,Ormo Wheaten Bread 400g
5010896091322,Ormo 4 Muffins
5010003069053,Hovis Special Edition Sunflower & Pumpkin Seed 400g
5010003060289,Hovis Nimble Wholemeal 400g
5010003060296,Hovis Nimble Malted Wholegrain 400g
5010003062627,Hovis Best of Both 400g
8714800004336,Dr Pepper 150ml
8714800003490,Dr Pepper 24 x 330ml
5449000088260,Coca-Cola 4 x 1.5L
54492653,Powerade Berry and Tropical 500ml
90370830,Powerade Orange Flavour 500ml
42099017,Powerade Cherry 500ml
5449000040664,Lilt Pineapple & Grapefruit 6 x 330ml Cans
5060166691417,Monster Ripper Energy + Juice 250ml
5060166699703,Monster Ripper Energy + Juice 4 x 500ml
5060166690069,Monster Ripper Energy + Juice 500ml
5060335630186,Monster Ripper Energy + Juice 500ml
5449000119230,Glacéau Smartwater 6 x 600ml
5449000062048,Glacéau Smartwater 12 x 600ml
4000177168646,Capri-Sun Juice Drink Orange 6 x 330ml
5449000097347,Powerade Berry and Tropical 4 x 500ml
5449000059239,Diet Coke 12 x 150ml
5060166695576,Monster Energy 4 x 500ml
5060166696382,Monster Assault 500ml
5060335635174,Monster Energy Ultra Sugar Free 500ml
5060335635457,Monster Energy Ultra Red Sugar Free 500ml
5060335635488,Monster Energy Ultra Sunrise Sugar Free 500ml
5449000130389,Coca-Cola 1.75 Litre
5449000958938,Diet Coke 1.75 Litre
5000118075742,Bertolli Original Spread 250g
5000118075766,Bertolli Original Spread 1kg
8722700240655,Bertolli Light Spread 500g
5000118075759,Bertolli Original Spread 500g
5449000204899,Schweppes Elderflower Tonic Water 1L
5449000133441,Schweppes Slimline Bitter Lemon 1L
5449000133380,Schweppes Slimline Tonic Water 1L
5449000133472,Schweppes Slimline Canada Dry Ginger Ale 1L
5449000133717,Schweppes Citrus Blend 1L
5017726270933,Schweppes Citrus Blend 1L
5449000133410,Schweppes Original Soda Water 1L
5449000133700,Schweppes Slimline Indian Tonic Water Mixed with Lemon Zest 1L
5449000133373,Schweppes Indian Tonic Water 1L
5060337500043,Monster Energy Ultra 355ml
5060337500302,Monster Energy 355ml
5010003060302,Hovis Best of Both 6 Rolls
5099869045289,Sunny Supreme Vanilla Flavour Frozen Dessert 4 Litre
5099869045272,Sunny Supreme Strawberry Flavour Frozen Dessert 4 Litre
5099869045265,Sunny Supreme Chocolate Flavour Frozen Dessert 4 Litre
5010003066946,Hovis 9 Fluffy Crumpets
5010003060869,Hovis 6 Fluffy Crumpets
42099475,Schweppes Slimline Tonic Water 200ml
5017726157838,Schweppes Tonic Water 24 x 125ml
5017726157883,Schweppes Orange Juice From Concentrate 24 x 125ml
5017726157845,Schweppes Slimline Tonic Water 24 x 125ml
5017726157906,Schweppes Pineapple Juice From Concentrate 24 x 125ml
5017726157852,Schweppes Bitter Lemon 24 x 125ml
42099468,Schweppes Tonic Water 200ml
5017726157869,Schweppes Lemonade 24 x 125ml
5017726157920,Schweppes Tomato Juice Mix 24 x 125ml
5449000133403,Schweppes Tonic Water 3 x 1L
5449000133397,Schweppes Slimline Tonic Water 3 x 1L
5060335635037,Monster Energy 8 x 500ml
5449000120960,Fanta Orange Zero 330ml
5449000133434,Schweppes Bitter Lemon 1L
5449000214553,Fanta Fruit Twist Zero 2L
5449000214539,Fanta Fruit Twist Zero 8 x 330ml
50241064,Stork Original Spread 1kg
50241316,Stork Original Spread 500g
5449000214522,Fanta Fruit Twist Zero 500ml
5449000214546,Fanta Fruit Twist Zero 6 x 330ml
5010896091971,Hovis 6 Pancakes
5449000096623,Schweppes Sparkling Juice Lemon & Elderflower
5449000096616,Schweppes Sparkling Juice Grapefruit & Blood Orange
8710908482298,Radox Feel Heavenly Handwash 250ml
8710908541247,Radox Kids Star Wars Bath and Body Wash 400ml
8710908541780,Radox Kids Star Wars Shampoo 400ml
8710908541926,Radox Kids Frozen Antibacterial Handwash 250ml
8710908541711,Radox Kids Frozen Bath and Body Wash 400ml
8710908541858,Radox Kids Frozen Shampoo and Conditioner 400ml
5010003000292,Hovis Granary Wholemeal 800g
5010003000254,Hovis Granary Original Recipe 400g
8712100575532,Bertolli with Butter Spread 400g
5010652658363,Café Maid Luxury Coffee Creamer Long Life Portions UHT 240 x 12ml
5010652602342,Silverflo Skimmed Milk Powder with Non-Milk Fat 12.5kg
5010652603653,Whole Milk Powder 12.5kg
5010652633346,Millac Maid Long Life Portions UHT 480 x 10ml
8710908906688,Flora ProActiv Buttery Spread 350g (250g + 40% EF)
5060466514171,Relentless Passion Punch 500ml
5060337501668,Monster Energy Ultra White 500ml
5060337502023,Monster Energy Ultra Sunrise 500ml
5060337501699,Monster Energy Ultra Red 500ml
4000177015957,Capri Sun Mango Passion Fruit 330ml
5449000005090,Capri Sun Summer Berries No Added Sugar 10 x 200ml
5449000005069,Capri Sun Apple No Added Sugar 10 x 200ml
5010003054226,Hovis Soft White Thick 800g
5010003059528,Hovis Soft White 400g
5010003000131,Hovis Soft White Medium 800g
5010003051515,Hovis Soft White Doorstep 800g
8714100261613,Bertolli with Butter Spread 400g plus Free Bertolli Dish
5449000195364,Coca-Cola Zero Cherry 330ml
5449000214744,Coca-Cola Zero Cherry 500ml
5449000053251,Coca-Cola Life 4 x 330ml
54490987,Coca-Cola Life 330ml
5449000064141,Diet Coke 1.25 Litre
5449000197092,Coca-Cola Cherry 1.75L
5449000028921,Coca-Cola 1.25L
5449000052346,Coca-Cola Life 1.75L
5449000058386,Coca-Cola 8 x 330ml
5449000162717,Coca-Cola Cherry 8 x 330ml
8711700851534,Surf Cherry & Jasmine Washing Liquid 25 Wash 875ml
8710908261589,Surf Classic Fresh Washing Powder 38 Wash 2.66kg
5010003069824,Hovis 6 Best of Both Sandwich Thins
5010003069862,Hovis 6 Soft White Sandwich Thins
5010003069909,Hovis 6 Wholemeal Sandwich Thins
5000112592931,Diet Coke Absolutely Fabulous Limited Edition Aluminium Bottle 250ml
5449000196613,Coca-Cola Vanilla 1.75L
5449000056276,Coca-Cola Life 6 x 330ml
5449000052988,Coca-Cola Life 8 x 330ml
5449000052384,Coca-Cola Life 1.25L
5449000042156,Fanta Fruit Twist 2L
5449000128607,Relentless Origin 500ml
5449000178794,Relentless Zero 500ml
5449000203847,Relentless Cherry Energy Drink 500ml
54493049,Oasis Summer Fruits Light 500ml
5449000106704,Sprite Zero 330ml
5449000104885,Sprite Zero 2L
5449000014535,Sprite 330ml
54491069,Sprite 500ml
5449000109613,Sprite Zero 500ml
8712561837545,Radox Moisturise Shower Cream 250ml
8712561837521,Radox Nourish Shower Cream 250ml
5000193300968,Schweppes Original Lemonade 1.5L
90343711,Schweppes Tomato Juice 200ml Bottle
5000193700515,Schweppes Lemonade 330ml
90343735,Schweppes Pineapple Juice 200ml
42099482,Schweppes Bitter Lemon 200ml
90370717,Schweppes Canada Dry Ginger Ale 200ml
42099499,Schweppes Slimline Bitter Lemon 200ml
42099543,Schweppes Ginger Beer 200ml
5000193300388,Schweppes Ginger Beer 330ml
50193608,Schweppes Indian Tonic Water 200ml
90343728,Schweppes Orange Juice 200ml
8710908540042,Radox Feel Uplifted Shower Gel 500ml
5449000018281,Fanta Orange 6 x 330ml
5010003060128,Hovis Premium Baked Farmhouse Soft White 800g
6001048004603,Appletiser Apple & Pomegranate 750ml
6001048004719,Appletiser Apple & Pomegranate 275ml
4000177165041,Capri-Sun Fruit Crush Tropical 5 x 200ml
5449000084705,Capri-Sun Juice Drink Apple & Blackcurrant 330ml
4000177168578,Capri-Sun Juice Drink Apple & Blackcurrant 6 x 330ml
4000177210574,Capri-Sun Juice Drink Apple & Cherry 10 x 200ml
5000193963309,Capri-Sun Juice Drink Apple 10 x 200ml
5000193033934,Capri-Sun Juice Drink Blackcurrant 10 x 200ml
5449000055927,Capri-Sun Juice Drink Blackcurrant 5 x 200ml
5000193714635,Capri-Sun Juice Drink Orange 10 x 200ml
5000193020712,Schweppes Tonic 12 x 150ml
5000193020729,Schweppes Slimline Tonic 12 x 150ml
5000193035143,Schweppes Canada Dry Ginger Ale 12 x 150ml
5449000062963,Schweppes Original Soda Water 12 x 150ml
5449000137128,Schweppes Original Lemonade 12 x 150ml
5449000214607,Glacéau Smartwater with Sportscap 850ml
8710908039850,Surf Wild Flowers Washing Capsules 18 Wash 473g
8710908264023,Surf Tropical Lily & Ylang Washing Powder 70 Wash 4.9kg
8710908264047,Surf Tropical Lily & Ylang Washing Powder 120 Wash 8.4kg
8710908349713,Surf Delicate Moonflower Washing Capsules 16 Wash 421g
8710908349911,Surf Golden Blossom Washing Capsules 16 Wash 421g
8710908349997,Surf Golden Blossom Washing Capsules 30 Wash 789g
8710908360565,Surf Golden Blossom Washing Liquid 23 Wash 805ml
8710908360671,Surf Delicate Moonflower Washing Liquid 23 Wash 805ml
8710908435782,Surf Golden Blossom Washing Powder 21 Wash 750ml
8712100231766,Surf Tropical Lily & Ylang Washing Capsules 18 Wash 473g
8712561059596,Surf Tropical Lily & Ylang Washing Liquid 48 Wash 1.68l
8712561059978,Surf Lavender & Jasmine Washing Liquid 48 Wash 1.68l
8712561060059,Surf 5 Herbal Extracts Washing Liquid 48 Wash 1.68l
8712561060080,Surf Tropical Lily & Ylang Washing Liquid 25 Wash 875ml
8712561060240,Surf Lavender & Jasmine Washing Liquid 25 Wash 875ml
8712561060325,Surf Sunshine Lemons Washing Liquid 25 Wash 875ml
8712561060486,Surf 5 Herbal Extracts Washing Liquid 25 Wash 875ml
8712561077620,Surf 16 Wash Tropical Liquid
8712561077880,Surf Lavender & Jasmine Washing Liquid 16 Wash 560ml
8712561292177,Surf Lavender & Jasmine Washing Powder 10 Wash 700g
8712561296700,Surf Sunshine Lemons Washing Powder 10 Wash 700g
8712561296786,Surf Tropical Lily & Ylang Washing Powder 10 Wash 700g
8712561297288,Surf Sunshine Lemons Washing Powder 10 Wash 700g
8712561304078,Surf Tropical Lily & Ylang Washing Powder 6 Wash 441g
8712561304320,Surf Sunshine Lemons Washing Powder 23 Wash 1.61kg
8712561306034,Surf Tropical Lily & Ylang Washing Powder 23 Wash 1.61kg
8712561306119,Surf Lavender & Jasmine Washing Powder 23 Wash 1.61kg
8712561309844,Surf Lavender & Jasmine Washing Powder 45 Wash 3.185kg
8712561310123,Surf Tropical Lily & Ylang Washing Powder 45 Wash 3.185kg
8712561312233,Surf Sunshine Lemons Washing Powder 45 Wash 3.185kg
8712561318761,Surf Tropical Lily & Ylang Washing Powder 90 Wash 6.3kg
8712561322584,Surf Lavender & Jasmine Washing Powder 6 Wash 441g
8712561331852,Surf Wild Flowers Washing Liquid 25 Wash 875ml
8712561908221,Surf Lavender & Jasmine Washing Capsules 18 Wash 473g
8712561908306,Surf 5 Herbal Extracts Washing Capsules 18 Wash 473g
8712561908450,Surf Tropical Lily & Ylang Washing Capsules 10 Wash 263g
8712561908764,Surf Tropical Lily & Ylang Washing Capsules 33 Wash 867g
8712561908948,Surf 5 Herbal Extracts Washing Capsules 33 Wash 867g
8710908407581,Surf Dahlia Washing Liquid 23 Wash  805ml
8710908092442,Surf 48 Wash Golden Blossom Liquid
8712100232978,Surf Sunshine Lemons Washing Capsules 18 Wash
8710908264061,Surf Tropical Lily & Ylang Washing Powder 90+30 Wash 8.4kg
8712561295222,Surf Lavender & Jasmine Washing Liquid 10 Wash 700g
8712561294546,Surf Tropical Lily & Ylang Washing Powder 10 Wash 700g
8712561077385,Surf Tropical Lily & Ylang Washing Liquid 16 Wash 560ml
8710908537226,Surf Perfect Black Washing Liquid 23 Wash 805ml
8710908537806,Surf Vibrant Colour Washing Liquid 23 Wash 805ml
8710908486098,Surf Perfect Black Washing Capsules 16 Wash 421g
8710908486012,Surf Vibrant Colour Washing Capsules 16 Wash 421g
5449000093998,Five Alive Tropical Juice Drink 1L
5449000094001,5 Alive Citrus Five Fruit Blend 1L
50193622,Schweppes Slimline Tonic Water 150ml
50193424,Schweppes Soda Water 150ml
50193363,Schweppes Tonic Water 150ml
50193356,Schweppes Lemonade 150ml
50193295,Schweppes Canada Dry Ginger Ale 150ml
50193479,Schweppes Bitter Lemon 150ml
8710908550355,Surf Tropical Lily & Ylang Ylang Washing Capsules 18W 473g
8710908550645,Surf Tropical Lily & Ylang Ylang Washing Capsules 33W 867g
8710908550614,Surf 5 Herbal Extracts Washing Capsules 18W 473g
8710908550584,Surf Lavender & Jasmine Washing Capsules 18W 473g
5099869043131,Viva Semi Skimmed Milk 200ml
5010652997172,Millac Single Gold Cooking Cream Alternative 1 Litre
5449000133342,Coca-Cola Zero Sugar 12 x 330ml
5449000154750,Coca-Cola Zero Sugar 15 x 330ml
5449000136909,Coca-Cola Zero Sugar 24 x 330ml
5449000020987,Coca-Cola Zero Sugar 250ml
50982219,Springcool Dairy Whipping Cream 200ml
5099869758851,Millac Maid Low Lactose Portions UHT 120 x 14ml
5449000133724,Coca-Cola Zero Sugar 1.25L
5449000133335,Coca-Cola Zero Sugar 1.5L
5449000601995,Coca-Cola Zero Sugar 1.75L
5449000080806,Coca-Cola Zero Sugar 1.75L
5449000131836,Coca-Cola Zero Sugar 500ml
5449000180704,Coca-Cola Zero Sugar 18 x 330ml
5449000152473,Coca-Cola Zero Sugar 30 x 330ml
5449000016454,Coca-Cola Zero Sugar 375ml
5449000171191,Coca-Cola Zero Sugar 4 x 330ml
5449000131812,Coca-Cola Zero Sugar 6 x 330ml
5449000031341,Coca-Cola Zero Sugar  8 x 330ml
5449000185358,Coca-Cola Zero Sugar 9 x 330ml
5449000131829,Coca-Cola Zero Sugar Fridge Pack 10 x 330ml
8714100286753,Flora Original Spread 2 x 500g with Free Lunchbox
8714100286579,Flora Light Spread 2 x 500g with Free Lunchbox
8714100286654,Flora Buttery Spread  2 x 500g with Free Lunchbox
5000112620283,Coca-Cola 8x330ml Plus 2 Coca-Cola Zero Sugar 330ml Cans
5449000211293,Schweppes Sparkling Juice Drink Grapefruit and Blood Orange 6 x 330ml
5449000211286,Schweppes Sparkling Juice Drink Lemon and Elderflower 6 x 330ml
5000193900861,Schweppes Lemonade 2L
5000193730574,Schweppes Slimline Lemonade 2L
5000193240974,Schweppes Lime Cordial 1L
5000193640989,Schweppes Peppermint Flavour Cordial 1L
5000193540951,Schweppes Orange Cordial 1L
5449000034342,Abbey Well Still British Spring Water 500ml
5023765013141,Abbey Well Still British Spring Water 500ml
5023765003036,Abbey Well Still Natural Mineral Water 750ml
5023765002671,Abbey Well Still Natural Mineral Water 250ml
5449000958488,Schweppes Slimline Lemonade 6 x 330ml
5449000062970,Schweppes Lemonade 6 x 330ml
42099512,Schweppes Lemonade Glass Bottle 200ml
5449000142191,Schweppes Diet Lemonade 4 x 2L
5449000195487,Relentless Origin 4 x 500ml
5449000029423,Fanta Orange 8 x 330ml
5010003068766,Hovis Seed Sensations Chia Bread 750g
5000112549324,Coca-Cola Zero Sugar 330ml
5099869344894,Lakeland Dairies Semi Skimmed Milk 120 x 12ml
5010003069756,Hovis Wholemeal & Tasty Spelt 750g
5449000137494,Coca-Cola Zero Sugar 4 x 1.5L
8712561030786,Surf Lavender & Jasmine Washing Capsules 10 Wash 263g
5010003060913,Hovis 6 Scotch Pancakes
5010003061019,Hovis 4 Fruity Teacakes
5449000131805,Coca-Cola Zero Sugar 330ml
5000193940966,Schweppes Blackcurrant Flavour Cordial 1L
5449000186515,Fanta Mango & Passionfruit 8 x 330ml
8710908379819,Radox Feel Ready Shower Gel 250ml
8710908422683,Radox Feel Ready Handwash 250ml
8710908422461,Radox Feel Ready Bath 500ml
8710908380082,Radox Feel Victorious Shower Gel 250ml
8710908536069,Radox Feel Fresh Scent Touch Body Wash 200ml
8710908535987,Radox Feel Free Scent Touch Body Wash 200ml
8710908535901,Radox Feel Lively Scent Touch Body Wash 200ml
5010652999640,Moovers Tasty Chocolate Flavour Milk 1 Litre
5010652999633,Moovers Tasty Strawberry Flavour Milk 1 Litre
5449000014870,Capri-Sun Fruity Water Blackcurrant 10 x 200ml
5449000014900,Capri-Sun Fruity Water Mango and Passionfruit 10 x 200ml
50187058,Flora Original Spread 500g
50187041,Flora Original Spread 250g
5000241006729,Flora Original Spread 1kg
50241569,Flora Light Spread 500g
50241231,Flora Light Spread 250g
5000241004466,Flora Light Spread 1kg
8722700187349,Flora Buttery Spread 500g
8722700187332,Flora Buttery Spread 1kg
8712100891403,Flora Freedom Dairy Free Spread 500g
8718114855196,Flora Cuisine Cooking Liquid 500ml
5010003069565,Hovis Premium Baked Farmhouse Wholemeal 800g
5010003064744,Hovis Seed Sensations Seven Seeds 800g
5010003064768,Hovis Seed Sensations Seven Seeds 400g
5010003064751,Hovis Seed Sensations Wholemeal 800g
5010003067813,Hovis Seed Sensations Soft Granary Batch 400g
5010003000421,Hovis Wheatgerm Original Recipe 800g
5010003000407,Hovis Wheatgerm Original Recipe 400g
5010003000339,Hovis Wholemeal Medium 800g
5010003000353,Hovis Wholemeal Thick 800g
5010003000247,Hovis Wholemeal 400g
5010003060968,Hovis 4 English Muffins
5010003060241,Hovis 6 Wholemeal Rolls
5010003066939,Hovis 6 Soft White Finger Rolls
5449000221742,Oasis Cloudy Lemonade 500ml
5060466510265,Relentless Origin 4 x 500ml
5010003060234,Hovis 6 Soft White Rolls
8712100976766,Radox Dry 50ml
8712100977329,Radox Fresh 50ml
5010003001169,Hovis Granary Medium 800g
5010003001176,Hovis Granary Thick 800g
5010003067493,Hovis Seed Sensations Soft Granary Batch 800g
5010003066953,Hovis 9 Scotch Pancakes
5449000133465,Schweppes Canada Dry Ginger Ale 1L
5449000052971,Coca-Cola Life 500ml
5449000052407,Coca-Cola Life 330ml
5099869043414,Moovers Tasty Strawberry Flavour Semi-Skimmed Milk 200ml
5099869043421,Moovers Tasty Chocolate Flavour Semi-Skimmed Milk 200ml
5099869044268,Moovers Tasty Banana Flavour Semi-Skimmed Milk 200ml
5449000093981,Five Alive Berry 1L
5000112618853,Glacéau Smartwater 600ml
5060337502054,Monster Punch Mixxd 500ml
5060335634726,Monster Punch Mixxd 500ml
5449000037282,Capri-Sun No Added Sugar Tropical 5 x 200ml
4000177016176,Capri-Sun Mango and Passionfruit 6 x 330ml
5099869343408,Viva Semi Skimmed Milk 1L
5449000197313,Diet Coke Caffeine Free 1.75L
5060466510210,Relentless Origin 500ml
5060466513990,Relentless Origin 500ml
5060466510326,Relentless Zero 500ml
5060466514140,Relentless Zero 500ml
5060466510449,Relentless Kiwi and Apple 500ml
5060466510388,Relentless Lemon Ice 500ml
5060466510500,Relentless Cherry 500ml
5060466510562,Relentless Passion Punch 500ml
5010003065529,Hovis Best of Both Thick 750g
5010003065512,Hovis Best of Both Medium 750g
